"id";"dht11_umidade";"dht11_temperatura";"lm35_temperatura";"luminosidade";"chave"
1;56.0;25.0;0.0;24.0;0
2;56.0;25.0;0.0;24.0;0
3;56.0;25.0;0.0;24.0;0
4;55.0;25.0;0.0;23.0;0
5;55.0;25.0;0.0;24.0;0
6;55.0;25.0;0.0;24.0;0
7;56.0;25.0;0.0;24.0;0
8;59.0;25.0;0.0;24.0;0
9;62.0;25.0;0.0;25.0;0
10;62.0;25.0;0.0;25.0;0
11;62.0;25.0;0.0;25.0;0
12;62.0;25.0;0.0;26.0;0
13;65.0;25.0;0.0;26.0;0
14;66.0;25.0;0.0;26.0;0
15;64.0;25.0;0.0;26.0;0
16;63.0;25.0;0.0;25.0;0
17;61.0;25.0;0.0;25.0;0
18;60.0;25.0;0.0;25.0;0
19;59.0;25.0;0.0;25.0;0
20;58.0;25.0;0.0;25.0;0
21;58.0;26.0;0.0;25.0;0
22;57.0;26.0;0.0;25.0;0
23;57.0;26.0;0.0;25.0;0
24;57.0;26.0;0.0;25.0;0
25;56.0;26.0;0.0;24.0;0
26;56.0;26.0;0.0;25.0;0
27;56.0;26.0;0.0;24.0;0
28;56.0;26.0;0.0;24.0;0
29;56.0;26.0;0.0;24.0;0
30;56.0;26.0;0.0;25.0;0
31;55.0;26.0;0.0;24.0;0
32;55.0;26.0;0.0;24.0;0
33;55.0;26.0;0.0;24.0;0
34;55.0;26.0;0.0;24.0;0
35;56.0;26.0;0.0;24.0;0
36;56.0;26.0;0.0;24.0;0
37;56.0;25.0;0.0;24.0;0
38;56.0;25.0;0.0;24.0;0
39;56.0;25.0;0.0;24.0;0
40;56.0;25.0;0.0;24.0;0
41;56.0;25.0;0.0;24.0;0
42;56.0;25.0;0.0;24.0;0
43;56.0;25.0;0.0;24.0;0
44;56.0;25.0;0.0;24.0;0
45;56.0;25.0;0.0;24.0;0
46;56.0;25.0;0.0;24.0;0
47;56.0;25.0;0.0;24.0;0
48;56.0;25.0;0.0;24.0;0
49;56.0;25.0;0.0;24.0;0
50;56.0;25.0;0.0;24.0;0
51;56.0;25.0;0.0;24.0;0
52;56.0;25.0;0.0;24.0;0
53;56.0;25.0;0.0;24.0;0
54;56.0;25.0;0.0;24.0;0
55;56.0;25.0;0.0;24.0;0
56;56.0;25.0;0.0;24.0;0
57;56.0;25.0;0.0;24.0;0
58;56.0;25.0;0.0;24.0;0
59;56.0;25.0;0.0;24.0;0
60;56.0;25.0;0.0;24.0;0
61;56.0;25.0;0.0;24.0;0
62;56.0;25.0;0.0;24.0;0
63;56.0;25.0;0.0;24.0;0
64;56.0;25.0;0.0;24.0;0
65;56.0;25.0;0.0;24.0;0
66;56.0;25.0;0.0;24.0;0
67;56.0;25.0;0.0;24.0;0
68;56.0;25.0;0.0;24.0;0
69;56.0;25.0;0.0;24.0;0
70;56.0;25.0;0.0;24.0;0
71;56.0;25.0;0.0;24.0;0
72;56.0;25.0;0.0;24.0;0
73;55.0;25.0;0.0;24.0;0
74;55.0;25.0;0.0;24.0;0
75;55.0;25.0;0.0;24.0;0
76;55.0;25.0;0.0;24.0;0
77;56.0;25.0;0.0;24.0;0
78;56.0;25.0;0.0;24.0;0
79;56.0;25.0;0.0;24.0;0
80;56.0;25.0;0.0;24.0;0
81;56.0;25.0;0.0;24.0;0
82;56.0;25.0;0.0;24.0;0
83;56.0;25.0;0.0;24.0;0
84;56.0;25.0;0.0;24.0;0
85;56.0;25.0;0.0;24.0;0
86;56.0;25.0;0.0;24.0;0
87;56.0;25.0;0.0;24.0;0
88;56.0;25.0;0.0;24.0;0
89;56.0;25.0;0.0;24.0;0
90;56.0;25.0;0.0;24.0;0
91;56.0;25.0;0.0;24.0;0
92;57.0;25.0;0.0;24.0;0
93;57.0;25.0;0.0;24.0;0
94;57.0;25.0;0.0;24.0;0
95;57.0;25.0;0.0;24.0;0
96;57.0;25.0;0.0;24.0;0
97;57.0;25.0;0.0;24.0;0
98;57.0;25.0;0.0;24.0;0
99;56.0;25.0;0.0;24.0;0
100;56.0;25.0;0.0;24.0;0
101;56.0;25.0;0.0;24.0;0
102;56.0;25.0;0.0;24.0;0
103;56.0;25.0;0.0;24.0;0
104;56.0;25.0;0.0;24.0;0
105;56.0;25.0;0.0;24.0;0
106;56.0;25.0;0.0;24.0;0
107;56.0;25.0;0.0;24.0;0
108;56.0;25.0;0.0;24.0;0
109;56.0;25.0;0.0;24.0;0
110;56.0;25.0;0.0;24.0;0
111;56.0;25.0;0.0;24.0;0
112;56.0;25.0;0.0;24.0;0
113;56.0;25.0;0.0;24.0;0
114;56.0;25.0;0.0;24.0;0
115;56.0;25.0;0.0;24.0;0
116;56.0;25.0;0.0;24.0;0
117;56.0;25.0;0.0;24.0;0
118;56.0;25.0;0.0;24.0;0
119;56.0;25.0;0.0;24.0;0
120;56.0;25.0;0.0;24.0;0
121;56.0;25.0;0.0;24.0;0
122;56.0;25.0;0.0;24.0;0
123;56.0;25.0;0.0;24.0;0
124;56.0;25.0;0.0;24.0;0
125;56.0;25.0;0.0;24.0;0
126;56.0;25.0;0.0;24.0;0
127;56.0;25.0;0.0;24.0;0
128;56.0;25.0;0.0;24.0;0
129;56.0;25.0;0.0;24.0;0
130;56.0;25.0;0.0;24.0;0
131;56.0;25.0;0.0;24.0;0
132;56.0;25.0;0.0;24.0;0
133;56.0;25.0;0.0;24.0;0
134;56.0;25.0;0.0;24.0;0
135;56.0;25.0;0.0;24.0;0
136;56.0;25.0;0.0;24.0;0
137;56.0;25.0;0.0;24.0;0
138;56.0;25.0;0.0;24.0;0
139;56.0;25.0;0.0;24.0;0
140;56.0;25.0;0.0;24.0;0
141;56.0;25.0;0.0;24.0;0
142;56.0;25.0;0.0;24.0;0
143;56.0;25.0;0.0;24.0;0
144;56.0;25.0;0.0;24.0;0
145;56.0;25.0;0.0;24.0;0
146;56.0;25.0;0.0;24.0;0
147;56.0;25.0;0.0;24.0;0
148;56.0;25.0;0.0;24.0;0
149;56.0;25.0;0.0;24.0;0
150;56.0;25.0;0.0;24.0;0
151;56.0;25.0;0.0;24.0;0
152;56.0;25.0;0.0;24.0;0
153;56.0;25.0;0.0;24.0;0
154;56.0;25.0;0.0;24.0;0
155;56.0;25.0;0.0;24.0;0
156;56.0;25.0;0.0;24.0;0
157;56.0;25.0;0.0;24.0;0
158;56.0;25.0;0.0;23.0;0
159;56.0;25.0;0.0;24.0;0
160;56.0;25.0;0.0;24.0;0
161;56.0;25.0;0.0;24.0;0
162;56.0;25.0;0.0;24.0;0
163;56.0;25.0;0.0;24.0;0
164;56.0;25.0;0.0;24.0;0
165;57.0;25.0;0.0;24.0;0
166;57.0;25.0;0.0;24.0;0
167;57.0;25.0;0.0;24.0;0
168;57.0;25.0;0.0;24.0;0
169;56.0;25.0;0.0;24.0;0
170;56.0;25.0;0.0;24.0;0
171;56.0;25.0;0.0;24.0;0
172;56.0;25.0;0.0;24.0;0
173;56.0;25.0;0.0;24.0;0
174;56.0;25.0;0.0;24.0;0
175;56.0;25.0;0.0;24.0;0
176;56.0;25.0;0.0;24.0;0
177;56.0;25.0;0.0;24.0;0
178;56.0;25.0;0.0;24.0;0
179;56.0;25.0;0.0;24.0;0
180;56.0;25.0;0.0;24.0;0
181;56.0;25.0;0.0;24.0;0
182;56.0;25.0;0.0;24.0;0
183;56.0;25.0;0.0;24.0;0
184;57.0;25.0;0.0;24.0;0
185;57.0;25.0;0.0;24.0;0
186;57.0;25.0;0.0;23.0;0
187;57.0;25.0;0.0;24.0;0
188;57.0;25.0;0.0;24.0;0
189;57.0;25.0;0.0;24.0;0
190;56.0;25.0;0.0;24.0;0
191;57.0;25.0;0.0;24.0;0
192;57.0;25.0;0.0;24.0;0
193;57.0;25.0;0.0;24.0;0
194;57.0;25.0;0.0;24.0;0
195;57.0;25.0;0.0;24.0;0
196;57.0;25.0;0.0;24.0;0
197;57.0;25.0;0.0;24.0;0
198;57.0;25.0;0.0;24.0;0
199;57.0;25.0;0.0;24.0;0
200;57.0;25.0;0.0;24.0;0
201;57.0;25.0;0.0;24.0;0
202;56.0;25.0;0.0;24.0;0
203;56.0;25.0;0.0;24.0;0
204;56.0;25.0;0.0;24.0;0
205;56.0;25.0;0.0;24.0;0
206;56.0;25.0;0.0;24.0;0
207;56.0;25.0;0.0;24.0;0
208;56.0;25.0;0.0;24.0;0
209;57.0;25.0;0.0;24.0;0
210;58.0;25.0;0.0;24.0;0
211;58.0;25.0;0.0;24.0;0
212;59.0;25.0;0.0;24.0;0
213;58.0;25.0;0.0;24.0;0
214;58.0;25.0;0.0;24.0;0
215;58.0;25.0;0.0;24.0;0
216;57.0;25.0;0.0;24.0;0
217;57.0;25.0;0.0;24.0;0
218;57.0;25.0;0.0;24.0;0
219;57.0;25.0;0.0;24.0;0
220;57.0;25.0;0.0;24.0;0
221;57.0;25.0;0.0;24.0;0
222;57.0;25.0;0.0;24.0;0
223;57.0;25.0;0.0;24.0;0
224;57.0;25.0;0.0;24.0;0
225;57.0;25.0;0.0;24.0;0
226;57.0;25.0;0.0;24.0;0
227;57.0;25.0;0.0;24.0;0
228;57.0;25.0;0.0;24.0;0
229;57.0;25.0;0.0;24.0;0
230;57.0;25.0;0.0;24.0;0
231;56.0;25.0;0.0;24.0;0
232;58.0;25.0;0.0;23.0;0
233;58.0;25.0;0.0;24.0;0
234;59.0;25.0;0.0;24.0;0
235;59.0;25.0;0.0;24.0;0
236;59.0;25.0;0.0;24.0;0
237;59.0;25.0;0.0;24.0;0
238;58.0;25.0;0.0;24.0;0
239;58.0;25.0;0.0;24.0;0
240;58.0;25.0;0.0;24.0;0
241;58.0;25.0;0.0;24.0;0
242;57.0;25.0;0.0;23.0;0
243;57.0;25.0;0.0;23.0;0
244;57.0;25.0;0.0;24.0;0
245;57.0;25.0;0.0;24.0;0
246;57.0;25.0;0.0;24.0;0
247;57.0;25.0;0.0;24.0;0
248;57.0;25.0;0.0;24.0;0
249;57.0;25.0;0.0;24.0;0
250;57.0;25.0;0.0;24.0;0
251;57.0;25.0;0.0;24.0;0
252;57.0;25.0;0.0;24.0;0
253;57.0;25.0;0.0;24.0;0
254;57.0;25.0;0.0;24.0;0
255;57.0;25.0;0.0;24.0;0
256;57.0;25.0;0.0;24.0;0
257;58.0;25.0;0.0;24.0;0
258;58.0;25.0;0.0;24.0;0
259;57.0;25.0;0.0;24.0;0
260;57.0;25.0;0.0;24.0;0
261;57.0;25.0;0.0;24.0;0
262;57.0;25.0;0.0;24.0;0
263;57.0;25.0;0.0;24.0;0
264;57.0;25.0;0.0;24.0;0
265;57.0;25.0;0.0;24.0;0
266;57.0;25.0;0.0;24.0;0
267;57.0;25.0;0.0;24.0;0
268;57.0;25.0;0.0;24.0;0
269;57.0;25.0;0.0;24.0;0
270;57.0;25.0;0.0;24.0;0
271;57.0;25.0;0.0;24.0;0
272;57.0;25.0;0.0;24.0;0
273;57.0;25.0;0.0;24.0;0
274;57.0;25.0;0.0;24.0;0
275;57.0;25.0;0.0;24.0;0
276;57.0;25.0;0.0;24.0;0
277;57.0;25.0;0.0;24.0;0
278;57.0;25.0;0.0;24.0;0
279;57.0;25.0;0.0;24.0;0
280;57.0;25.0;0.0;24.0;0
281;57.0;25.0;0.0;24.0;0
282;57.0;25.0;0.0;24.0;0
283;57.0;25.0;0.0;24.0;0
284;57.0;25.0;0.0;24.0;0
285;57.0;25.0;0.0;24.0;0
286;57.0;25.0;0.0;24.0;0
287;57.0;25.0;0.0;24.0;0
288;57.0;25.0;0.0;24.0;0
289;57.0;25.0;0.0;24.0;0
290;57.0;25.0;0.0;24.0;0
291;57.0;25.0;0.0;24.0;0
292;57.0;25.0;0.0;24.0;0
293;57.0;25.0;0.0;24.0;0
294;57.0;25.0;0.0;24.0;0
295;57.0;25.0;0.0;24.0;0
296;57.0;25.0;0.0;24.0;0
297;57.0;25.0;0.0;24.0;0
298;57.0;25.0;0.0;23.0;0
299;57.0;25.0;0.0;24.0;0
300;57.0;25.0;0.0;24.0;0
301;57.0;25.0;0.0;24.0;0
302;57.0;25.0;0.0;24.0;0
303;57.0;25.0;0.0;24.0;0
304;57.0;25.0;0.0;24.0;0
305;57.0;25.0;0.0;24.0;0
306;57.0;25.0;0.0;24.0;0
307;57.0;25.0;0.0;24.0;0
308;57.0;25.0;0.0;24.0;0
309;57.0;25.0;0.0;24.0;0
310;57.0;25.0;0.0;24.0;0
311;57.0;25.0;0.0;24.0;0
312;57.0;25.0;0.0;24.0;0
313;57.0;25.0;0.0;23.0;0
314;57.0;25.0;0.0;23.0;0
315;57.0;25.0;0.0;24.0;0
316;57.0;25.0;0.0;24.0;0
317;57.0;25.0;0.0;24.0;0
318;57.0;25.0;0.0;24.0;0
319;57.0;25.0;0.0;24.0;0
320;57.0;25.0;0.0;24.0;0
321;57.0;25.0;0.0;24.0;0
322;57.0;25.0;0.0;24.0;0
323;57.0;25.0;0.0;24.0;0
324;57.0;25.0;0.0;24.0;0
325;57.0;25.0;0.0;24.0;0
326;57.0;25.0;0.0;24.0;0
327;57.0;25.0;0.0;24.0;0
328;57.0;25.0;0.0;24.0;0
329;57.0;25.0;0.0;24.0;0
330;57.0;25.0;0.0;24.0;0
331;57.0;25.0;0.0;23.0;0
332;57.0;25.0;0.0;24.0;0
333;56.0;25.0;0.0;24.0;0
334;56.0;25.0;0.0;24.0;0
335;57.0;25.0;0.0;24.0;0
336;56.0;25.0;0.0;24.0;0
337;56.0;25.0;0.0;24.0;0
338;56.0;25.0;0.0;24.0;0
339;56.0;25.0;0.0;24.0;0
340;57.0;25.0;0.0;24.0;0
341;57.0;25.0;0.0;24.0;0
342;57.0;25.0;0.0;24.0;0
343;56.0;25.0;0.0;24.0;0
344;56.0;25.0;0.0;24.0;0
345;56.0;25.0;0.0;24.0;0
346;56.0;25.0;0.0;24.0;0
347;56.0;25.0;0.0;24.0;0
348;56.0;25.0;0.0;23.0;0
349;56.0;25.0;0.0;24.0;0
350;56.0;25.0;0.0;23.0;0
351;56.0;25.0;0.0;24.0;0
352;56.0;25.0;0.0;24.0;0
353;56.0;25.0;0.0;24.0;0
354;57.0;25.0;0.0;24.0;0
355;57.0;25.0;0.0;24.0;0
356;57.0;25.0;0.0;24.0;0
357;57.0;25.0;0.0;24.0;0
358;57.0;25.0;0.0;24.0;0
359;57.0;25.0;0.0;24.0;0
360;57.0;25.0;0.0;24.0;0
361;57.0;25.0;0.0;24.0;0
362;57.0;25.0;0.0;24.0;0
363;57.0;25.0;0.0;24.0;0
364;57.0;25.0;0.0;24.0;0
365;57.0;25.0;0.0;24.0;0
366;57.0;25.0;0.0;24.0;0
367;57.0;25.0;0.0;23.0;0
368;57.0;25.0;0.0;24.0;0
369;57.0;25.0;0.0;24.0;0
370;57.0;25.0;0.0;24.0;0
371;57.0;25.0;0.0;24.0;0
372;57.0;25.0;0.0;24.0;0
373;57.0;25.0;0.0;24.0;0
374;57.0;25.0;0.0;24.0;0
375;57.0;25.0;0.0;24.0;0
376;57.0;25.0;0.0;24.0;0
377;57.0;25.0;0.0;24.0;0
378;57.0;25.0;0.0;24.0;0
379;57.0;25.0;0.0;24.0;0
380;57.0;25.0;0.0;23.0;0
381;57.0;25.0;0.0;24.0;0
382;57.0;25.0;0.0;24.0;0
383;57.0;25.0;0.0;24.0;0
384;57.0;25.0;0.0;24.0;0
385;57.0;25.0;0.0;24.0;0
386;57.0;25.0;0.0;24.0;0
387;57.0;25.0;0.0;24.0;0
388;57.0;25.0;0.0;24.0;0
389;57.0;25.0;0.0;24.0;0
390;57.0;25.0;0.0;24.0;0
391;57.0;25.0;0.0;24.0;0
392;57.0;25.0;0.0;24.0;0
393;57.0;25.0;0.0;24.0;0
394;57.0;25.0;0.0;24.0;0
395;57.0;25.0;0.0;24.0;0
396;57.0;25.0;0.0;24.0;0
397;57.0;25.0;0.0;24.0;0
398;57.0;25.0;0.0;24.0;0
399;57.0;25.0;0.0;23.0;0
400;57.0;25.0;0.0;24.0;0
401;57.0;25.0;0.0;24.0;0
402;57.0;25.0;0.0;24.0;0
403;57.0;25.0;0.0;24.0;0
404;57.0;25.0;0.0;24.0;0
405;57.0;25.0;0.0;24.0;0
406;57.0;25.0;0.0;24.0;0
407;57.0;25.0;0.0;24.0;0
408;57.0;25.0;0.0;24.0;0
409;57.0;25.0;0.0;24.0;0
410;57.0;25.0;0.0;23.0;0
411;57.0;25.0;0.0;24.0;0
412;57.0;25.0;0.0;24.0;0
413;57.0;25.0;0.0;24.0;0
414;57.0;25.0;0.0;24.0;0
415;57.0;25.0;0.0;24.0;0
416;57.0;25.0;0.0;24.0;0
417;56.0;25.0;0.0;24.0;0
418;56.0;25.0;0.0;24.0;0
419;56.0;25.0;0.0;24.0;0
420;56.0;25.0;0.0;24.0;0
421;56.0;25.0;0.0;24.0;0
422;56.0;25.0;0.0;24.0;0
423;56.0;25.0;0.0;24.0;0
424;56.0;25.0;0.0;24.0;0
425;56.0;25.0;0.0;24.0;0
426;56.0;25.0;0.0;24.0;0
427;56.0;25.0;0.0;24.0;0
428;56.0;25.0;0.0;24.0;0
429;56.0;25.0;0.0;24.0;0
430;56.0;25.0;0.0;24.0;0
431;57.0;25.0;0.0;24.0;0
432;57.0;25.0;0.0;24.0;0
433;57.0;25.0;0.0;24.0;0
434;57.0;25.0;0.0;24.0;0
435;57.0;25.0;0.0;24.0;0
436;57.0;25.0;0.0;24.0;0
437;57.0;25.0;0.0;24.0;0
438;57.0;25.0;0.0;24.0;0
439;57.0;25.0;0.0;24.0;0
440;57.0;25.0;0.0;24.0;0
441;57.0;25.0;0.0;24.0;0
442;57.0;25.0;0.0;24.0;0
443;57.0;25.0;0.0;23.0;0
444;57.0;25.0;0.0;24.0;0
445;57.0;25.0;0.0;24.0;0
446;57.0;25.0;0.0;24.0;0
447;57.0;25.0;0.0;24.0;0
448;57.0;25.0;0.0;23.0;0
449;57.0;25.0;0.0;24.0;0
450;57.0;25.0;0.0;24.0;0
451;57.0;25.0;0.0;24.0;0
452;57.0;25.0;0.0;24.0;0
453;57.0;25.0;0.0;24.0;0
454;57.0;25.0;0.0;24.0;0
455;57.0;25.0;0.0;24.0;0
456;57.0;25.0;0.0;24.0;0
457;57.0;25.0;0.0;24.0;0
458;57.0;25.0;0.0;24.0;0
459;57.0;25.0;0.0;24.0;0
460;57.0;25.0;0.0;24.0;0
461;57.0;25.0;0.0;24.0;0
462;57.0;25.0;0.0;24.0;0
463;57.0;25.0;0.0;24.0;0
464;57.0;25.0;0.0;24.0;0
465;57.0;25.0;0.0;24.0;0
466;57.0;25.0;0.0;24.0;0
467;57.0;25.0;0.0;23.0;0
468;57.0;25.0;0.0;24.0;0
469;57.0;25.0;0.0;24.0;0
470;56.0;25.0;0.0;23.0;0
471;56.0;25.0;0.0;24.0;0
472;57.0;25.0;0.0;24.0;0
473;57.0;25.0;0.0;24.0;0
474;57.0;25.0;0.0;24.0;0
475;57.0;25.0;0.0;24.0;0
476;57.0;25.0;0.0;24.0;0
477;56.0;25.0;0.0;24.0;0
478;56.0;25.0;0.0;23.0;0
479;56.0;25.0;0.0;24.0;0
480;56.0;25.0;0.0;24.0;0
481;56.0;25.0;0.0;24.0;0
482;57.0;25.0;0.0;24.0;0
483;57.0;25.0;0.0;24.0;0
484;57.0;25.0;0.0;24.0;0
485;57.0;25.0;0.0;24.0;0
486;57.0;25.0;0.0;24.0;0
487;57.0;25.0;0.0;24.0;0
488;57.0;25.0;0.0;24.0;0
489;57.0;25.0;0.0;24.0;0
490;57.0;25.0;0.0;24.0;0
491;57.0;25.0;0.0;23.0;0
492;57.0;25.0;0.0;24.0;0
493;57.0;25.0;0.0;24.0;0
494;57.0;25.0;0.0;24.0;0
495;57.0;25.0;0.0;24.0;0
496;57.0;25.0;0.0;24.0;0
497;57.0;25.0;0.0;23.0;0
498;57.0;25.0;0.0;24.0;0
499;57.0;25.0;0.0;24.0;0
500;57.0;25.0;0.0;23.0;0
501;58.0;25.0;0.0;24.0;0
502;58.0;25.0;0.0;24.0;0
503;57.0;25.0;0.0;24.0;0
504;57.0;25.0;0.0;24.0;0
505;57.0;25.0;0.0;24.0;0
506;57.0;25.0;0.0;24.0;0
507;57.0;25.0;0.0;24.0;0
508;57.0;25.0;0.0;24.0;0
509;57.0;25.0;0.0;24.0;0
510;57.0;25.0;0.0;24.0;0
511;57.0;25.0;0.0;23.0;0
512;57.0;25.0;0.0;24.0;0
513;57.0;25.0;0.0;24.0;0
514;57.0;25.0;0.0;24.0;0
515;57.0;25.0;0.0;24.0;0
516;57.0;25.0;0.0;24.0;0
517;58.0;25.0;0.0;24.0;0
518;58.0;25.0;0.0;23.0;0
519;58.0;25.0;0.0;24.0;0
520;58.0;25.0;0.0;24.0;0
521;57.0;25.0;0.0;24.0;0
522;57.0;25.0;0.0;24.0;0
523;57.0;25.0;0.0;23.0;0
524;57.0;25.0;0.0;24.0;0
525;57.0;25.0;0.0;24.0;0
526;57.0;25.0;0.0;24.0;0
527;57.0;25.0;0.0;23.0;0
528;57.0;25.0;0.0;24.0;0
529;57.0;25.0;0.0;23.0;0
530;57.0;25.0;0.0;24.0;0
531;57.0;25.0;0.0;24.0;0
532;57.0;25.0;0.0;24.0;0
533;57.0;25.0;0.0;24.0;0
534;57.0;25.0;0.0;24.0;0
535;57.0;25.0;0.0;23.0;0
536;57.0;25.0;0.0;24.0;0
537;57.0;25.0;0.0;24.0;0
538;57.0;25.0;0.0;24.0;0
539;57.0;25.0;0.0;24.0;0
540;57.0;25.0;0.0;24.0;0
541;57.0;25.0;0.0;24.0;0
542;57.0;25.0;0.0;24.0;0
543;56.0;25.0;0.0;24.0;0
544;56.0;25.0;0.0;24.0;0
545;56.0;25.0;0.0;24.0;0
546;56.0;25.0;0.0;24.0;0
547;56.0;25.0;0.0;24.0;0
548;56.0;25.0;0.0;24.0;0
549;57.0;25.0;0.0;24.0;0
550;56.0;25.0;0.0;24.0;0
551;57.0;25.0;0.0;23.0;0
552;57.0;25.0;0.0;24.0;0
553;57.0;25.0;0.0;24.0;0
554;57.0;25.0;0.0;24.0;0
555;57.0;25.0;0.0;23.0;0
556;57.0;25.0;0.0;23.0;0
557;57.0;25.0;0.0;24.0;0
558;56.0;25.0;0.0;24.0;0
559;56.0;25.0;0.0;24.0;0
560;56.0;25.0;0.0;24.0;0
561;56.0;25.0;0.0;24.0;0
562;56.0;25.0;0.0;24.0;0
563;56.0;25.0;0.0;23.0;0
564;56.0;25.0;0.0;24.0;0
565;56.0;25.0;0.0;24.0;0
566;56.0;25.0;0.0;23.0;0
567;56.0;25.0;0.0;24.0;0
568;56.0;25.0;0.0;23.0;0
569;56.0;25.0;0.0;23.0;0
570;56.0;25.0;0.0;24.0;0
571;56.0;25.0;0.0;24.0;0
572;56.0;25.0;0.0;24.0;0
573;56.0;25.0;0.0;24.0;0
574;56.0;25.0;0.0;23.0;0
575;56.0;25.0;0.0;23.0;0
576;56.0;25.0;0.0;24.0;0
577;56.0;25.0;0.0;24.0;0
578;56.0;25.0;0.0;24.0;0
579;56.0;25.0;0.0;24.0;0
580;56.0;25.0;0.0;23.0;0
581;56.0;25.0;0.0;24.0;0
582;56.0;25.0;0.0;24.0;0
583;56.0;25.0;0.0;24.0;0
584;56.0;25.0;0.0;24.0;0
585;56.0;25.0;0.0;24.0;0
586;56.0;25.0;0.0;23.0;0
587;56.0;25.0;0.0;24.0;0
588;57.0;25.0;0.0;23.0;0
589;57.0;25.0;0.0;23.0;0
590;57.0;25.0;0.0;23.0;0
591;57.0;25.0;0.0;23.0;0
592;57.0;25.0;0.0;23.0;0
593;57.0;25.0;0.0;23.0;0
594;57.0;25.0;0.0;24.0;0
595;57.0;25.0;0.0;24.0;0
596;57.0;25.0;0.0;24.0;0
597;57.0;25.0;0.0;23.0;0
598;57.0;25.0;0.0;24.0;0
599;57.0;25.0;0.0;23.0;0
600;57.0;25.0;0.0;23.0;0
601;57.0;25.0;0.0;24.0;0
602;57.0;25.0;0.0;24.0;0
603;57.0;25.0;0.0;24.0;0
604;57.0;25.0;0.0;23.0;0
605;57.0;25.0;0.0;24.0;0
606;57.0;25.0;0.0;23.0;0
607;57.0;25.0;0.0;23.0;0
608;57.0;25.0;0.0;24.0;0
609;57.0;25.0;0.0;24.0;0
610;58.0;25.0;0.0;24.0;0
611;58.0;25.0;0.0;24.0;0
612;57.0;25.0;0.0;24.0;0
613;57.0;25.0;0.0;23.0;0
614;57.0;25.0;0.0;24.0;0
615;57.0;25.0;0.0;24.0;0
616;57.0;25.0;0.0;23.0;0
617;57.0;25.0;0.0;23.0;0
618;57.0;25.0;0.0;24.0;0
619;57.0;25.0;0.0;24.0;0
620;56.0;25.0;0.0;24.0;0
621;56.0;25.0;0.0;23.0;0
622;56.0;25.0;0.0;23.0;0
623;56.0;25.0;0.0;24.0;0
624;56.0;25.0;0.0;23.0;0
625;56.0;25.0;0.0;24.0;0
626;56.0;25.0;0.0;24.0;0
627;56.0;25.0;0.0;24.0;0
628;56.0;25.0;0.0;24.0;0
629;56.0;25.0;0.0;24.0;0
630;56.0;25.0;0.0;24.0;0
631;56.0;25.0;0.0;24.0;0
632;56.0;25.0;0.0;24.0;0
633;56.0;25.0;0.0;24.0;0
634;56.0;25.0;0.0;23.0;0
635;56.0;25.0;0.0;24.0;0
636;56.0;25.0;0.0;23.0;0
637;56.0;25.0;0.0;24.0;0
638;56.0;25.0;0.0;24.0;0
639;56.0;25.0;0.0;24.0;0
640;56.0;25.0;0.0;24.0;0
641;56.0;25.0;0.0;24.0;0
642;56.0;25.0;0.0;24.0;0
643;56.0;25.0;0.0;24.0;0
644;56.0;25.0;0.0;24.0;0
645;56.0;25.0;0.0;24.0;0
646;56.0;25.0;0.0;24.0;0
647;56.0;25.0;0.0;24.0;0
648;56.0;25.0;0.0;23.0;0
649;56.0;25.0;0.0;23.0;0
650;56.0;25.0;0.0;24.0;0
651;56.0;25.0;0.0;24.0;0
652;56.0;25.0;0.0;23.0;0
653;56.0;25.0;0.0;23.0;0
654;56.0;25.0;0.0;24.0;0
655;56.0;25.0;0.0;23.0;0
656;56.0;25.0;0.0;24.0;0
657;56.0;25.0;0.0;23.0;0
658;57.0;25.0;0.0;24.0;0
659;56.0;25.0;0.0;23.0;0
660;56.0;25.0;0.0;24.0;0
661;56.0;25.0;0.0;24.0;0
662;56.0;25.0;0.0;23.0;0
663;56.0;25.0;0.0;24.0;0
664;56.0;25.0;0.0;23.0;0
665;56.0;25.0;0.0;24.0;0
666;56.0;25.0;0.0;24.0;0
667;56.0;25.0;0.0;24.0;0
668;56.0;25.0;0.0;24.0;0
669;56.0;25.0;0.0;23.0;0
670;56.0;25.0;0.0;24.0;0
671;56.0;25.0;0.0;24.0;0
672;56.0;25.0;0.0;23.0;0
673;56.0;25.0;0.0;24.0;0
674;56.0;25.0;0.0;23.0;0
675;56.0;25.0;0.0;24.0;0
676;56.0;25.0;0.0;23.0;0
677;56.0;25.0;0.0;24.0;0
678;56.0;25.0;0.0;24.0;0
679;56.0;25.0;0.0;24.0;0
680;56.0;25.0;0.0;24.0;0
681;56.0;25.0;0.0;24.0;0
682;56.0;25.0;0.0;24.0;0
683;56.0;25.0;0.0;24.0;0
684;56.0;25.0;0.0;24.0;0
685;56.0;25.0;0.0;24.0;0
686;56.0;25.0;0.0;24.0;0
687;56.0;25.0;0.0;24.0;0
688;57.0;25.0;0.0;24.0;0
689;57.0;25.0;0.0;24.0;0
690;57.0;25.0;0.0;24.0;0
691;57.0;25.0;0.0;24.0;0
692;57.0;25.0;0.0;24.0;0
693;57.0;25.0;0.0;24.0;0
694;57.0;25.0;0.0;23.0;0
695;57.0;25.0;0.0;24.0;0
696;57.0;25.0;0.0;24.0;0
697;57.0;25.0;0.0;23.0;0
698;57.0;25.0;0.0;23.0;0
699;57.0;25.0;0.0;24.0;0
700;57.0;25.0;0.0;24.0;0
701;57.0;25.0;0.0;24.0;0
702;57.0;25.0;0.0;24.0;0
703;57.0;25.0;0.0;24.0;0
704;56.0;25.0;0.0;23.0;0
705;56.0;25.0;0.0;23.0;0
706;56.0;25.0;0.0;24.0;0
707;56.0;25.0;0.0;24.0;0
708;56.0;25.0;0.0;24.0;0
709;56.0;25.0;0.0;24.0;0
710;56.0;25.0;0.0;24.0;0
711;56.0;25.0;0.0;24.0;0
712;56.0;25.0;0.0;24.0;0
713;56.0;25.0;0.0;24.0;0
714;56.0;25.0;0.0;24.0;0
715;56.0;25.0;0.0;23.0;0
716;56.0;25.0;0.0;24.0;0
717;56.0;25.0;0.0;24.0;0
718;56.0;25.0;0.0;24.0;0
719;56.0;25.0;0.0;24.0;0
720;56.0;25.0;0.0;24.0;0
721;56.0;25.0;0.0;24.0;0
722;56.0;25.0;0.0;24.0;0
723;56.0;25.0;0.0;24.0;0
724;56.0;25.0;0.0;24.0;0
725;56.0;25.0;0.0;24.0;0
726;56.0;25.0;0.0;23.0;0
727;56.0;25.0;0.0;24.0;0
728;56.0;25.0;0.0;24.0;0
729;56.0;25.0;0.0;23.0;0
730;56.0;25.0;0.0;24.0;0
731;56.0;25.0;0.0;24.0;0
732;56.0;25.0;0.0;24.0;0
733;56.0;25.0;0.0;24.0;0
734;56.0;25.0;0.0;23.0;0
735;56.0;25.0;0.0;23.0;0
736;56.0;25.0;0.0;23.0;0
737;56.0;25.0;0.0;23.0;0
738;56.0;25.0;0.0;24.0;0
739;56.0;25.0;0.0;23.0;0
740;56.0;25.0;0.0;24.0;0
741;57.0;25.0;0.0;24.0;0
742;57.0;25.0;0.0;24.0;0
743;57.0;25.0;0.0;24.0;0
744;57.0;25.0;0.0;24.0;0
745;57.0;25.0;0.0;24.0;0
746;57.0;25.0;0.0;24.0;0
747;57.0;25.0;0.0;24.0;0
748;57.0;25.0;0.0;24.0;0
749;57.0;25.0;0.0;24.0;0
750;56.0;25.0;0.0;23.0;0
751;56.0;25.0;0.0;24.0;0
752;56.0;25.0;0.0;24.0;0
753;56.0;25.0;0.0;23.0;0
754;56.0;25.0;0.0;24.0;0
755;56.0;25.0;0.0;24.0;0
756;56.0;25.0;0.0;23.0;0
757;56.0;25.0;0.0;23.0;0
758;56.0;25.0;0.0;24.0;0
759;56.0;25.0;0.0;23.0;0
760;56.0;25.0;0.0;24.0;0
761;56.0;25.0;0.0;23.0;0
762;56.0;25.0;0.0;24.0;0
763;56.0;25.0;0.0;23.0;0
764;56.0;25.0;0.0;24.0;0
765;56.0;25.0;0.0;24.0;0
766;56.0;25.0;0.0;24.0;0
767;57.0;25.0;0.0;24.0;0
768;57.0;25.0;0.0;23.0;0
769;57.0;25.0;0.0;24.0;0
770;57.0;25.0;0.0;24.0;0
771;57.0;25.0;0.0;24.0;0
772;57.0;25.0;0.0;24.0;0
773;57.0;25.0;0.0;23.0;0
774;57.0;25.0;0.0;23.0;0
775;57.0;25.0;0.0;24.0;0
776;57.0;25.0;0.0;23.0;0
777;57.0;25.0;0.0;23.0;0
778;57.0;25.0;0.0;24.0;0
779;57.0;25.0;0.0;23.0;0
780;57.0;25.0;0.0;24.0;0
781;57.0;25.0;0.0;24.0;0
782;57.0;25.0;0.0;24.0;0
783;57.0;25.0;0.0;24.0;0
784;57.0;25.0;0.0;24.0;0
785;57.0;25.0;0.0;23.0;0
786;56.0;25.0;0.0;23.0;0
787;56.0;25.0;0.0;24.0;0
788;56.0;25.0;0.0;24.0;0
789;56.0;25.0;0.0;24.0;0
790;56.0;25.0;0.0;24.0;0
791;56.0;25.0;0.0;24.0;0
792;56.0;25.0;0.0;23.0;0
793;56.0;25.0;0.0;24.0;0
794;56.0;25.0;0.0;24.0;0
795;56.0;25.0;0.0;23.0;0
796;56.0;25.0;0.0;23.0;0
797;56.0;25.0;0.0;24.0;0
798;56.0;25.0;0.0;23.0;0
799;56.0;25.0;0.0;23.0;0
800;56.0;25.0;0.0;23.0;0
801;56.0;25.0;0.0;24.0;0
802;56.0;25.0;0.0;23.0;0
803;56.0;25.0;0.0;23.0;0
804;56.0;25.0;0.0;23.0;0
805;56.0;25.0;0.0;24.0;0
806;56.0;25.0;0.0;24.0;0
807;56.0;25.0;0.0;23.0;0
808;56.0;25.0;0.0;23.0;0
809;56.0;25.0;0.0;24.0;0
810;56.0;25.0;0.0;23.0;0
811;56.0;25.0;0.0;24.0;0
812;56.0;25.0;0.0;24.0;0
813;56.0;25.0;0.0;24.0;0
814;56.0;25.0;0.0;24.0;0
815;56.0;25.0;0.0;23.0;0
816;56.0;25.0;0.0;24.0;0
817;56.0;25.0;0.0;23.0;0
818;56.0;25.0;0.0;23.0;0
819;56.0;25.0;0.0;24.0;0
820;56.0;25.0;0.0;23.0;0
821;56.0;25.0;0.0;24.0;0
822;56.0;25.0;0.0;24.0;0
823;56.0;25.0;0.0;24.0;0
824;56.0;25.0;0.0;24.0;0
825;56.0;25.0;0.0;23.0;0
826;56.0;25.0;0.0;24.0;0
827;56.0;25.0;0.0;24.0;0
828;56.0;25.0;0.0;23.0;0
829;56.0;25.0;0.0;24.0;0
830;56.0;25.0;0.0;23.0;0
831;56.0;25.0;0.0;24.0;0
832;56.0;25.0;0.0;23.0;0
833;56.0;25.0;0.0;24.0;0
834;56.0;25.0;0.0;24.0;0
835;57.0;25.0;0.0;23.0;0
836;57.0;25.0;0.0;24.0;0
837;57.0;25.0;0.0;24.0;0
838;57.0;25.0;0.0;24.0;0
839;57.0;25.0;0.0;24.0;0
840;57.0;25.0;0.0;23.0;0
841;57.0;25.0;0.0;24.0;0
842;57.0;25.0;0.0;24.0;0
843;57.0;25.0;0.0;24.0;0
844;57.0;25.0;0.0;24.0;0
845;57.0;25.0;0.0;28.0;0
846;57.0;25.0;0.0;30.0;0
847;57.0;25.0;0.0;25.0;0
848;57.0;25.0;0.0;23.0;0
849;57.0;25.0;0.0;29.0;0
850;57.0;25.0;0.0;27.0;0
851;57.0;25.0;0.0;25.0;0
852;57.0;25.0;0.0;33.0;0
853;57.0;25.0;0.0;26.0;0
854;57.0;25.0;0.0;23.0;0
855;57.0;25.0;0.0;25.0;0
856;57.0;25.0;0.0;26.0;0
857;57.0;25.0;0.0;24.0;0
858;57.0;25.0;0.0;30.0;0
859;57.0;25.0;0.0;23.0;0
860;57.0;25.0;0.0;22.0;0
861;58.0;25.0;0.0;27.0;0
862;58.0;25.0;0.0;24.0;0
863;58.0;25.0;0.0;23.0;0
864;58.0;25.0;0.0;25.0;0
865;57.0;25.0;0.0;24.0;0
866;57.0;25.0;0.0;23.0;0
867;57.0;25.0;0.0;24.0;0
868;57.0;25.0;0.0;24.0;0
869;57.0;25.0;0.0;24.0;0
870;57.0;25.0;0.0;24.0;0
871;57.0;25.0;0.0;23.0;0
872;57.0;25.0;0.0;24.0;0
873;57.0;25.0;0.0;24.0;0
874;57.0;25.0;0.0;23.0;0
875;57.0;25.0;0.0;23.0;0
876;57.0;25.0;0.0;23.0;0
877;57.0;25.0;0.0;23.0;0
878;57.0;25.0;0.0;24.0;0
879;57.0;25.0;0.0;23.0;0
880;58.0;25.0;0.0;24.0;0
881;58.0;25.0;0.0;24.0;0
882;58.0;25.0;0.0;23.0;0
883;57.0;25.0;0.0;24.0;0
884;57.0;25.0;0.0;24.0;0
885;57.0;25.0;0.0;24.0;0
886;57.0;25.0;0.0;23.0;0
887;57.0;25.0;0.0;24.0;0
888;57.0;25.0;0.0;23.0;0
889;57.0;25.0;0.0;23.0;0
890;57.0;25.0;0.0;23.0;0
891;57.0;25.0;0.0;24.0;0
892;57.0;25.0;0.0;24.0;0
893;57.0;25.0;0.0;24.0;0
894;57.0;25.0;0.0;24.0;0
895;57.0;25.0;0.0;24.0;0
896;57.0;25.0;0.0;24.0;0
897;58.0;25.0;0.0;24.0;0
898;58.0;25.0;0.0;23.0;0
899;58.0;25.0;0.0;24.0;0
900;58.0;25.0;0.0;24.0;0
901;57.0;25.0;0.0;23.0;0
902;57.0;25.0;0.0;24.0;0
903;57.0;25.0;0.0;24.0;0
904;57.0;25.0;0.0;24.0;0
905;57.0;25.0;0.0;24.0;0
906;57.0;25.0;0.0;24.0;0
907;57.0;25.0;0.0;24.0;0
908;57.0;25.0;0.0;24.0;0
909;57.0;25.0;0.0;24.0;0
910;57.0;25.0;0.0;24.0;0
911;57.0;25.0;0.0;24.0;0
912;57.0;25.0;0.0;24.0;0
913;57.0;25.0;0.0;23.0;0
914;57.0;25.0;0.0;23.0;0
915;57.0;25.0;0.0;24.0;0
916;57.0;25.0;0.0;24.0;0
917;57.0;25.0;0.0;23.0;0
918;57.0;25.0;0.0;23.0;0
919;57.0;25.0;0.0;24.0;0
920;57.0;25.0;0.0;24.0;0
921;57.0;25.0;0.0;24.0;0
922;57.0;25.0;0.0;24.0;0
923;57.0;25.0;0.0;23.0;0
924;57.0;25.0;0.0;23.0;0
925;57.0;25.0;0.0;24.0;0
926;57.0;25.0;0.0;24.0;0
927;57.0;25.0;0.0;23.0;0
928;57.0;25.0;0.0;24.0;0
929;57.0;25.0;0.0;23.0;0
930;57.0;25.0;0.0;24.0;0
931;57.0;25.0;0.0;24.0;0
932;57.0;25.0;0.0;24.0;0
933;57.0;25.0;0.0;24.0;0
934;57.0;25.0;0.0;23.0;0
935;57.0;25.0;0.0;24.0;0
936;57.0;25.0;0.0;24.0;0
937;57.0;25.0;0.0;24.0;0
938;57.0;25.0;0.0;24.0;0
939;57.0;25.0;0.0;24.0;0
940;57.0;25.0;0.0;24.0;0
941;57.0;25.0;0.0;23.0;0
942;57.0;25.0;0.0;24.0;0
943;57.0;25.0;0.0;23.0;0
944;57.0;25.0;0.0;24.0;0
945;57.0;25.0;0.0;24.0;0
946;57.0;25.0;0.0;24.0;0
947;57.0;25.0;0.0;23.0;0
948;57.0;25.0;0.0;24.0;0
949;57.0;25.0;0.0;24.0;0
950;57.0;25.0;0.0;24.0;0
951;57.0;25.0;0.0;23.0;0
952;57.0;25.0;0.0;23.0;0
953;57.0;25.0;0.0;24.0;0
954;57.0;25.0;0.0;24.0;0
955;57.0;25.0;0.0;24.0;0
956;57.0;25.0;0.0;24.0;0
957;57.0;25.0;0.0;24.0;0
958;57.0;25.0;0.0;23.0;0
959;57.0;25.0;0.0;24.0;0
960;57.0;25.0;0.0;24.0;0
961;57.0;25.0;0.0;24.0;0
962;57.0;25.0;0.0;23.0;0
963;57.0;25.0;0.0;23.0;0
964;57.0;25.0;0.0;24.0;0
965;57.0;25.0;0.0;24.0;0
966;57.0;25.0;0.0;24.0;0
967;57.0;25.0;0.0;23.0;0
968;57.0;25.0;0.0;24.0;0
969;57.0;25.0;0.0;24.0;0
970;57.0;25.0;0.0;24.0;0
971;57.0;25.0;0.0;24.0;0
972;57.0;25.0;0.0;24.0;0
973;57.0;25.0;0.0;23.0;0
974;57.0;25.0;0.0;24.0;0
975;57.0;25.0;0.0;24.0;0
976;57.0;25.0;0.0;23.0;0
977;57.0;25.0;0.0;24.0;0
978;57.0;25.0;0.0;24.0;0
979;57.0;25.0;0.0;23.0;0
980;57.0;25.0;0.0;24.0;0
981;57.0;25.0;0.0;24.0;0
982;57.0;25.0;0.0;23.0;0
983;57.0;25.0;0.0;24.0;0
984;57.0;25.0;0.0;24.0;0
985;57.0;25.0;0.0;23.0;0
986;58.0;25.0;0.0;23.0;0
987;58.0;25.0;0.0;24.0;0
988;58.0;25.0;0.0;23.0;0
989;58.0;25.0;0.0;23.0;0
990;58.0;25.0;0.0;23.0;0
991;57.0;25.0;0.0;24.0;0
992;57.0;25.0;0.0;23.0;0
993;57.0;25.0;0.0;24.0;0
994;57.0;25.0;0.0;23.0;0
995;57.0;25.0;0.0;23.0;0
996;57.0;25.0;0.0;23.0;0
997;57.0;25.0;0.0;24.0;0
998;57.0;25.0;0.0;24.0;0
999;57.0;25.0;0.0;23.0;0
1000;57.0;25.0;0.0;23.0;0
1001;57.0;25.0;0.0;24.0;0
1002;57.0;25.0;0.0;23.0;0
1003;57.0;25.0;0.0;24.0;0
1004;57.0;25.0;0.0;23.0;0
1005;57.0;25.0;0.0;24.0;0
1006;57.0;25.0;0.0;23.0;0
1007;57.0;25.0;0.0;24.0;0
1008;57.0;25.0;0.0;24.0;0
1009;57.0;25.0;0.0;23.0;0
1010;57.0;25.0;0.0;24.0;0
1011;57.0;25.0;0.0;23.0;0
1012;57.0;25.0;0.0;24.0;0
1013;57.0;25.0;0.0;24.0;0
1014;57.0;25.0;0.0;24.0;0
1015;57.0;25.0;0.0;24.0;0
1016;57.0;25.0;0.0;24.0;0
1017;57.0;25.0;0.0;23.0;0
1018;57.0;25.0;0.0;24.0;0
1019;57.0;25.0;0.0;24.0;0
1020;57.0;25.0;0.0;23.0;0
1021;57.0;25.0;0.0;23.0;0
1022;57.0;25.0;0.0;23.0;0
1023;57.0;25.0;0.0;23.0;0
1024;58.0;25.0;0.0;23.0;0
1025;58.0;25.0;0.0;24.0;0
1026;58.0;25.0;0.0;24.0;0
1027;58.0;25.0;0.0;23.0;0
1028;58.0;25.0;0.0;24.0;0
1029;58.0;25.0;0.0;24.0;0
1030;58.0;25.0;0.0;23.0;0
1031;58.0;25.0;0.0;23.0;0
1032;58.0;25.0;0.0;24.0;0
1033;58.0;25.0;0.0;24.0;0
1034;58.0;25.0;0.0;24.0;0
1035;58.0;25.0;0.0;24.0;0
1036;57.0;25.0;0.0;24.0;0
1037;57.0;25.0;0.0;23.0;0
1038;57.0;25.0;0.0;24.0;0
1039;57.0;25.0;0.0;24.0;0
1040;58.0;25.0;0.0;23.0;0
1041;59.0;25.0;0.0;23.0;0
1042;59.0;25.0;0.0;23.0;0
1043;59.0;25.0;0.0;24.0;0
1044;59.0;25.0;0.0;24.0;0
1045;59.0;25.0;0.0;23.0;0
1046;58.0;25.0;0.0;24.0;0
1047;58.0;25.0;0.0;23.0;0
1048;58.0;25.0;0.0;24.0;0
1049;58.0;25.0;0.0;23.0;0
1050;58.0;25.0;0.0;24.0;0
1051;57.0;25.0;0.0;23.0;0
1052;57.0;25.0;0.0;23.0;0
1053;57.0;25.0;0.0;23.0;0
1054;57.0;25.0;0.0;23.0;0
1055;57.0;25.0;0.0;24.0;0
1056;57.0;25.0;0.0;24.0;0
1057;57.0;25.0;0.0;23.0;0
1058;57.0;25.0;0.0;24.0;0
1059;57.0;25.0;0.0;23.0;0
1060;57.0;25.0;0.0;23.0;0
1061;57.0;25.0;0.0;24.0;0
1062;57.0;25.0;0.0;24.0;0
1063;57.0;25.0;0.0;23.0;0
1064;57.0;25.0;0.0;23.0;0
1065;57.0;25.0;0.0;24.0;0
1066;57.0;25.0;0.0;23.0;0
1067;57.0;25.0;0.0;23.0;0
1068;57.0;25.0;0.0;24.0;0
1069;57.0;25.0;0.0;24.0;0
1070;57.0;25.0;0.0;24.0;0
1071;57.0;25.0;0.0;24.0;0
1072;57.0;25.0;0.0;24.0;0
1073;57.0;25.0;0.0;24.0;0
1074;57.0;25.0;0.0;23.0;0
1075;57.0;25.0;0.0;24.0;0
1076;57.0;25.0;0.0;24.0;0
1077;57.0;25.0;0.0;23.0;0
1078;57.0;25.0;0.0;23.0;0
1079;57.0;25.0;0.0;23.0;0
1080;57.0;25.0;0.0;24.0;0
1081;57.0;25.0;0.0;23.0;0
1082;57.0;25.0;0.0;24.0;0
1083;57.0;25.0;0.0;23.0;0
1084;57.0;25.0;0.0;24.0;0
1085;57.0;25.0;0.0;23.0;0
1086;57.0;25.0;0.0;23.0;0
1087;57.0;25.0;0.0;23.0;0
1088;57.0;25.0;0.0;23.0;0
1089;57.0;25.0;0.0;23.0;0
1090;57.0;25.0;0.0;24.0;0
1091;57.0;25.0;0.0;23.0;0
1092;57.0;25.0;0.0;24.0;0
1093;57.0;25.0;0.0;24.0;0
1094;57.0;25.0;0.0;24.0;0
1095;57.0;25.0;0.0;24.0;0
1096;57.0;25.0;0.0;23.0;0
1097;57.0;25.0;0.0;23.0;0
1098;57.0;25.0;0.0;24.0;0
1099;57.0;25.0;0.0;23.0;0
1100;57.0;25.0;0.0;24.0;0
1101;57.0;25.0;0.0;24.0;0
1102;57.0;25.0;0.0;23.0;0
1103;57.0;25.0;0.0;23.0;0
1104;57.0;25.0;0.0;24.0;0
1105;57.0;25.0;0.0;23.0;0
1106;57.0;24.0;0.0;23.0;0
1107;57.0;25.0;0.0;24.0;0
1108;57.0;25.0;0.0;23.0;0
1109;57.0;25.0;0.0;24.0;0
1110;57.0;25.0;0.0;23.0;0
1111;57.0;25.0;0.0;23.0;0
1112;57.0;24.0;0.0;24.0;0
1113;57.0;24.0;0.0;23.0;0
1114;57.0;24.0;0.0;23.0;0
1115;57.0;24.0;0.0;24.0;0
1116;57.0;24.0;0.0;24.0;0
1117;56.0;25.0;0.0;23.0;0
1118;57.0;24.0;0.0;23.0;0
1119;57.0;25.0;0.0;24.0;0
1120;57.0;24.0;0.0;24.0;0
1121;57.0;24.0;0.0;24.0;0
1122;57.0;24.0;0.0;23.0;0
1123;57.0;24.0;0.0;23.0;0
1124;57.0;24.0;0.0;23.0;0
1125;57.0;24.0;0.0;24.0;0
1126;57.0;24.0;0.0;23.0;0
1127;57.0;24.0;0.0;24.0;0
1128;57.0;24.0;0.0;23.0;0
1129;57.0;24.0;0.0;24.0;0
1130;57.0;24.0;0.0;23.0;0
1131;57.0;24.0;0.0;24.0;0
1132;57.0;24.0;0.0;23.0;0
1133;57.0;24.0;0.0;23.0;0
1134;57.0;24.0;0.0;24.0;0
1135;57.0;24.0;0.0;23.0;0
1136;57.0;24.0;0.0;23.0;0
1137;57.0;24.0;0.0;23.0;0
1138;57.0;24.0;0.0;23.0;0
1139;57.0;24.0;0.0;23.0;0
1140;57.0;24.0;0.0;23.0;0
1141;57.0;24.0;0.0;23.0;0
1142;57.0;24.0;0.0;23.0;0
1143;57.0;24.0;0.0;23.0;0
1144;57.0;24.0;0.0;23.0;0
1145;57.0;24.0;0.0;23.0;0
1146;57.0;24.0;0.0;23.0;0
1147;57.0;24.0;0.0;24.0;0
1148;57.0;24.0;0.0;23.0;0
1149;57.0;24.0;0.0;23.0;0
1150;57.0;24.0;0.0;23.0;0
1151;57.0;24.0;0.0;24.0;0
1152;57.0;24.0;0.0;23.0;0
1153;56.0;24.0;0.0;24.0;0
1154;56.0;24.0;0.0;24.0;0
1155;56.0;24.0;0.0;23.0;0
1156;56.0;24.0;0.0;24.0;0
1157;56.0;24.0;0.0;23.0;0
1158;56.0;24.0;0.0;24.0;0
1159;56.0;24.0;0.0;23.0;0
1160;56.0;24.0;0.0;24.0;0
1161;56.0;24.0;0.0;23.0;0
1162;56.0;24.0;0.0;23.0;0
1163;56.0;24.0;0.0;23.0;0
1164;56.0;24.0;0.0;23.0;0
1165;57.0;24.0;0.0;23.0;0
1166;57.0;24.0;0.0;24.0;0
1167;57.0;24.0;0.0;23.0;0
1168;57.0;24.0;0.0;24.0;0
1169;57.0;24.0;0.0;24.0;0
1170;57.0;24.0;0.0;24.0;0
1171;57.0;24.0;0.0;23.0;0
1172;57.0;24.0;0.0;24.0;0
1173;57.0;24.0;0.0;23.0;0
1174;57.0;24.0;0.0;23.0;0
1175;57.0;24.0;0.0;24.0;0
1176;57.0;24.0;0.0;24.0;0
1177;57.0;24.0;0.0;23.0;0
1178;57.0;24.0;0.0;23.0;0
1179;57.0;24.0;0.0;24.0;0
1180;57.0;24.0;0.0;24.0;0
1181;57.0;24.0;0.0;24.0;0
1182;57.0;24.0;0.0;24.0;0
1183;57.0;24.0;0.0;24.0;0
1184;57.0;24.0;0.0;23.0;0
1185;57.0;24.0;0.0;24.0;0
1186;57.0;24.0;0.0;24.0;0
1187;57.0;24.0;0.0;24.0;0
1188;57.0;24.0;0.0;24.0;0
1189;57.0;24.0;0.0;24.0;0
1190;57.0;24.0;0.0;23.0;0
1191;57.0;24.0;0.0;23.0;0
1192;57.0;24.0;0.0;24.0;0
1193;56.0;24.0;0.0;24.0;0
1194;56.0;24.0;0.0;23.0;0
1195;56.0;24.0;0.0;23.0;0
1196;56.0;24.0;0.0;24.0;0
1197;56.0;24.0;0.0;23.0;0
1198;56.0;24.0;0.0;23.0;0
1199;56.0;24.0;0.0;24.0;0
1200;56.0;24.0;0.0;23.0;0
1201;56.0;24.0;0.0;24.0;0
1202;56.0;24.0;0.0;24.0;0
1203;56.0;24.0;0.0;23.0;0
1204;57.0;24.0;0.0;24.0;0
1205;56.0;24.0;0.0;24.0;0
1206;56.0;24.0;0.0;23.0;0
1207;56.0;24.0;0.0;24.0;0
1208;56.0;24.0;0.0;23.0;0
1209;56.0;24.0;0.0;23.0;0
1210;56.0;24.0;0.0;23.0;0
1211;56.0;24.0;0.0;23.0;0
1212;56.0;24.0;0.0;23.0;0
1213;56.0;24.0;0.0;23.0;0
1214;56.0;24.0;0.0;23.0;0
1215;56.0;24.0;0.0;23.0;0
1216;56.0;24.0;0.0;23.0;0
1217;57.0;24.0;0.0;23.0;0
1218;57.0;24.0;0.0;23.0;0
1219;57.0;24.0;0.0;23.0;0
1220;57.0;24.0;0.0;23.0;0
1221;57.0;24.0;0.0;23.0;0
1222;57.0;24.0;0.0;24.0;0
1223;57.0;24.0;0.0;23.0;0
1224;57.0;24.0;0.0;23.0;0
1225;57.0;24.0;0.0;24.0;0
1226;57.0;24.0;0.0;23.0;0
1227;57.0;24.0;0.0;23.0;0
1228;57.0;24.0;0.0;23.0;0
1229;57.0;24.0;0.0;23.0;0
1230;56.0;24.0;0.0;23.0;0
1231;56.0;24.0;0.0;23.0;0
1232;57.0;24.0;0.0;23.0;0
1233;57.0;24.0;0.0;23.0;0
1234;57.0;24.0;0.0;23.0;0
1235;57.0;24.0;0.0;23.0;0
1236;57.0;24.0;0.0;23.0;0
1237;57.0;24.0;0.0;23.0;0
1238;57.0;24.0;0.0;23.0;0
1239;57.0;24.0;0.0;23.0;0
1240;57.0;24.0;0.0;24.0;0
1241;57.0;24.0;0.0;24.0;0
1242;57.0;24.0;0.0;23.0;0
1243;57.0;24.0;0.0;23.0;0
1244;57.0;24.0;0.0;24.0;0
1245;57.0;24.0;0.0;23.0;0
1246;57.0;24.0;0.0;23.0;0
1247;57.0;24.0;0.0;23.0;0
1248;57.0;24.0;0.0;23.0;0
1249;57.0;24.0;0.0;23.0;0
1250;57.0;24.0;0.0;23.0;0
1251;57.0;24.0;0.0;23.0;0
1252;57.0;24.0;0.0;23.0;0
1253;57.0;24.0;0.0;23.0;0
1254;57.0;24.0;0.0;23.0;0
1255;57.0;24.0;0.0;23.0;0
1256;57.0;24.0;0.0;23.0;0
1257;57.0;24.0;0.0;23.0;0
1258;57.0;24.0;0.0;24.0;0
1259;57.0;24.0;0.0;23.0;0
1260;57.0;24.0;0.0;23.0;0
1261;57.0;24.0;0.0;23.0;0
1262;57.0;24.0;0.0;23.0;0
1263;57.0;24.0;0.0;23.0;0
1264;57.0;24.0;0.0;23.0;0
1265;57.0;24.0;0.0;23.0;0
1266;57.0;24.0;0.0;24.0;0
1267;57.0;24.0;0.0;23.0;0
1268;57.0;24.0;0.0;23.0;0
1269;57.0;24.0;0.0;23.0;0
1270;57.0;24.0;0.0;23.0;0
1271;57.0;24.0;0.0;23.0;0
1272;57.0;24.0;0.0;23.0;0
1273;57.0;24.0;0.0;23.0;0
1274;57.0;24.0;0.0;23.0;0
1275;57.0;24.0;0.0;23.0;0
1276;57.0;24.0;0.0;23.0;0
1277;57.0;24.0;0.0;23.0;0
1278;57.0;24.0;0.0;23.0;0
1279;57.0;24.0;0.0;23.0;0
1280;57.0;24.0;0.0;23.0;0
1281;57.0;24.0;0.0;23.0;0
1282;57.0;24.0;0.0;24.0;0
1283;57.0;24.0;0.0;23.0;0
1284;57.0;24.0;0.0;23.0;0
1285;57.0;24.0;0.0;23.0;0
1286;57.0;24.0;0.0;23.0;0
1287;57.0;24.0;0.0;23.0;0
1288;57.0;24.0;0.0;23.0;0
1289;57.0;24.0;0.0;23.0;0
1290;57.0;24.0;0.0;23.0;0
1291;57.0;24.0;0.0;24.0;0
1292;57.0;24.0;0.0;23.0;0
1293;57.0;24.0;0.0;23.0;0
1294;57.0;24.0;0.0;24.0;0
1295;57.0;24.0;0.0;23.0;0
1296;57.0;24.0;0.0;23.0;0
1297;57.0;24.0;0.0;23.0;0
1298;58.0;24.0;0.0;23.0;0
1299;57.0;24.0;0.0;23.0;0
1300;57.0;24.0;0.0;23.0;0
1301;57.0;24.0;0.0;23.0;0
1302;57.0;24.0;0.0;23.0;0
1303;57.0;24.0;0.0;23.0;0
1304;57.0;24.0;0.0;23.0;0
1305;57.0;24.0;0.0;23.0;0
1306;57.0;24.0;0.0;23.0;0
1307;57.0;24.0;0.0;23.0;0
1308;57.0;24.0;0.0;23.0;0
1309;57.0;24.0;0.0;23.0;0
1310;57.0;24.0;0.0;23.0;0
1311;57.0;24.0;0.0;24.0;0
1312;57.0;24.0;0.0;23.0;0
1313;57.0;24.0;0.0;23.0;0
1314;57.0;24.0;0.0;23.0;0
1315;57.0;24.0;0.0;23.0;0
1316;57.0;24.0;0.0;23.0;0
1317;57.0;24.0;0.0;23.0;0
1318;57.0;24.0;0.0;23.0;0
1319;57.0;24.0;0.0;23.0;0
1320;57.0;24.0;0.0;23.0;0
1321;57.0;24.0;0.0;23.0;0
1322;57.0;24.0;0.0;24.0;0
1323;57.0;24.0;0.0;23.0;0
1324;57.0;24.0;0.0;23.0;0
1325;57.0;24.0;0.0;23.0;0
1326;57.0;24.0;0.0;23.0;0
1327;57.0;24.0;0.0;23.0;0
1328;57.0;24.0;0.0;23.0;0
1329;57.0;24.0;0.0;24.0;0
1330;57.0;24.0;0.0;23.0;0
1331;57.0;24.0;0.0;23.0;0
1332;57.0;24.0;0.0;23.0;0
1333;58.0;24.0;0.0;24.0;0
1334;58.0;24.0;0.0;24.0;0
1335;57.0;24.0;0.0;23.0;0
1336;57.0;24.0;0.0;23.0;0
1337;57.0;24.0;0.0;23.0;0
1338;57.0;24.0;0.0;24.0;0
